,wallet,num_transactions,unique_tokens,total_value_sent,total_value_received,avg_tx_value,first_tx,last_tx,active_days,raw_risk_score,risk_score,model_predicted_score
0,0x0039f22efb07a647557c7c5d17854cfd6d489ef3,1.0,0.6666666666666666,0.0004309429288652002,2.4428206915660224e-28,2.3757624632447204e-26,2023-01-12 00:28:59+00:00,2025-06-16 21:15:11+00:00,0.3722689075630252,0.004517518415070865,5,7.94
1,0x06b51c6882b27cb05e712185531c1f74996dd988,0.010204081632653062,0.022222222222222223,2.3999120588596315e-21,6.168548078846612e-40,2.057078134208642e-38,2020-10-16 00:13:42+00:00,2020-10-16 00:16:57+00:00,0.0,0.9032463938712708,903,903.0
2,0x0795732aacc448030ef374374eaae57d2965c16c,0.010204081632653062,0.022222222222222223,2.3999120588596315e-21,6.144497840886838e-40,2.0490613882220508e-38,2020-11-25 12:42:08+00:00,2020-11-25 13:13:37+00:00,0.0,0.9032463938715913,903,903.0
3,0x0aaa79f1a86bc8136cd0d1ca0d51964f4e3766f9,0.5612244897959183,0.6444444444444445,0.0007002589372792759,2.5063974679302958e-21,4.3972555716481515e-21,2019-07-28 05:17:20+00:00,2024-09-18 16:16:11+00:00,0.7894957983193278,0.013360139002401926,14,13.37
4,0x0fe383e5abc200055a7f391f94a5f5d1f844b9ae,0.010204081632653062,0.022222222222222223,2.3999120588596315e-21,6.16700685039419e-40,2.056564391391168e-38,2020-10-21 12:38:58+00:00,2020-10-21 13:02:48+00:00,0.0,0.9032463938712912,903,903.0
5,0x104ae61d8d487ad689969a17807ddc338b445416,0.010204081632653062,0.022222222222222223,2.3999120588596315e-21,6.1321613079947494e-40,2.0449492105913548e-38,2020-12-16 04:58:33+00:00,2020-12-16 05:19:37+00:00,0.0,0.9032463938717568,903,903.0
6,0x111c7208a7e2af345d36b6d4aace8740d61a3078,0.02040816326530612,0.022222222222222223,1.130728597684139e-17,6.159106067098564e-40,3.0817514623146136e-38,2020-11-05 19:34:53+00:00,2020-11-05 20:16:30+00:00,0.0,0.8451942592789045,845,852.33
7,0x124853fecb522c57d9bd5c21231058696ca6d596,0.03061224489795918,0.04444444444444444,2.988793840179196e-20,6.1724733608587315e-40,1.2368235754962588e-38,2020-11-08 04:54:42+00:00,2020-11-08 05:26:05+00:00,0.0,0.74199046444763,742,735.11
8,0x13b1c8b0e696aff8b4fee742119b549b605f3cbc,0.010204081632653062,0.022222222222222223,2.3999120588596315e-21,6.133114700700825e-40,2.0452670081600463e-38,2020-12-14 07:21:59+00:00,2020-12-14 07:25:50+00:00,0.0,0.9032463938717439,903,903.0
9,0x1656f1886c5ab634ac19568cd571bc72f385fdf7,1.0,0.17777777777777778,1.2237584450568253e-06,6.67713741327348e-29,1.3354274826596533e-28,2021-03-02 01:58:16+00:00,2021-06-17 09:10:49+00:00,0.04495798319327732,0.06396149999571935,64,64.62
10,0x1724e16cb8d0e2aa4d08035bc6b5c56b680a3b22,0.02040816326530612,0.022222222222222223,4.4823069526545846e-11,2.445660719003647e-33,1.2228303567097215e-31,2021-06-06 00:01:40+00:00,2021-06-27 16:56:36+00:00,0.008823529411764706,0.4918334399381158,492,472.15
11,0x19df3e87f73c4aaf4809295561465b993e102668,0.15306122448979592,0.15555555555555556,1.8587293759428957e-06,1.5414416463510672e-28,1.5033009893572658e-27,2019-08-02 17:34:26+00:00,2025-05-28 01:39:23+00:00,0.8928571428571429,0.11883144344882024,119,113.18
12,0x1ab2ccad4fc97c9968ea87d4435326715be32872,0.010204081632653062,0.022222222222222223,2.3999120588596315e-21,6.15414542105432e-40,2.0522772482778783e-38,2020-11-14 16:15:58+00:00,2020-11-14 16:25:38+00:00,0.0,0.9032463938714624,903,903.0
13,0x1c1b30ca93ef57452d53885d97a74f61daf2bf4f,0.38775510204081626,0.24444444444444444,3.0444909850125347e-07,2.92308820178154e-29,1.1460599845687607e-28,2021-01-03 09:10:19+00:00,2021-08-31 14:10:25+00:00,0.10084033613445378,0.059019233147735585,59,53.87
14,0x1e43dacdcf863676a6bec8f7d6896d6252fac669,0.0,0.022222222222222223,0.0,1.9487302059046834e-42,1.1942079794854802e-40,2020-12-12 23:06:43+00:00,2020-12-13 00:06:46+00:00,0.0,0.9999999683788013,999,971.27
15,0x22d7510588d90ed5a87e0f838391aaafa707c34b,1.0,0.35555555555555557,1.9300473258012e-05,9.5051968775657e-28,2.0036026111596565e-27,2021-01-04 18:46:38+00:00,2022-02-20 12:55:48+00:00,0.17268907563025213,0.024333217431679162,25,26.36
16,0x24b3460622d835c56d9a4fe352966b9bdc6c20af,0.010204081632653062,0.022222222222222223,2.3999120588596315e-21,6.1556268140484515e-40,2.0527710459425885e-38,2020-11-11 19:52:01+00:00,2020-11-11 20:03:52+00:00,0.0,0.9032463938714427,903,903.0
17,0x26750f1f4277221bdb5f6991473c6ece8c821f9d,0.02040816326530612,0.04444444444444444,2.3999120588596315e-21,2.618906764545764e-33,6.547266911280995e-32,2019-08-21 07:57:33+00:00,2020-12-14 06:09:36+00:00,0.20168067226890757,0.39528352498754643,395,403.3
18,0x27f72a000d8e9f324583f3a3491ea66998275b28,0.010204081632653062,0.022222222222222223,2.3999120588596315e-21,6.158551994726804e-40,2.053746106168706e-38,2020-11-06 20:18:51+00:00,2020-11-06 20:23:33+00:00,0.0,0.9032463938714038,903,903.0
19,0x2844658bf341db96aa247259824f42025e3bcec2,0.010204081632653062,0.022222222222222223,2.3999120588596315e-21,6.132289448017339e-40,2.0449919239322176e-38,2020-12-15 06:54:54+00:00,2020-12-15 23:00:30+00:00,0.0,0.903246393871755,903,903.0
20,0x2a2fde3e1beb508fcf7c137a1d5965f13a17825e,0.010204081632653062,0.022222222222222223,2.3999120588596315e-21,6.161774749926043e-40,2.0548203579017857e-38,2020-11-01 01:50:47+00:00,2020-11-01 01:57:18+00:00,0.0,0.9032463938713607,903,903.0
21,0x330513970efd9e8dd606275fb4c50378989b3204,0.7857142857142856,0.2888888888888889,0.0013264198526667232,7.383594764579536e-26,1.8507441691105538e-25,2018-09-20 10:16:36+00:00,2023-11-09 02:02:59+00:00,0.7878151260504203,0.03448930950843553,35,35.67
22,0x3361bea43c2f5f963f81ac70f64e6fba1f1d2a97,0.6020408163265305,0.2888888888888889,6.676486989916607e-05,3.643170007350808e-27,1.1944313386790356e-26,2019-05-03 11:44:28+00:00,2020-04-24 17:15:36+00:00,0.15000000000000002,0.040446463714963986,41,39.58
23,0x3867d222ba91236ad4d12c31056626f9e798629c,0.010204081632653062,0.022222222222222223,2.3999120588596315e-21,6.1335217882743e-40,2.0454027040178715e-38,2020-12-13 11:30:12+00:00,2020-12-13 11:47:10+00:00,0.0,0.9032463938717384,903,903.0
24,0x3a44be4581137019f83021eeee72b7dc57756069,0.010204081632653062,0.022222222222222223,2.3999120588596315e-21,6.165946297286219e-40,2.0562108736885114e-38,2020-10-23 17:53:19+00:00,2020-10-23 17:58:00+00:00,0.0,0.9032463938713053,903,903.0
25,0x3e69ad05716bdc834db72c4d6d44439a7c8a902b,0.02040816326530612,0.022222222222222223,4.799824117719263e-21,1.2319729425410844e-39,3.080176303859702e-38,2020-11-13 07:57:42+00:00,2020-11-13 18:46:12+00:00,0.0,0.8451942592378632,845,856.53
26,0x427f2ac5fdf4245e027d767e7c3ac272a1f40a65,1.0,0.24444444444444444,4.343241895443815e-06,2.239062529322917e-28,4.608845804145793e-28,2019-12-13 23:05:07+00:00,2025-04-27 17:43:11+00:00,0.8239495798319328,0.03939243513918677,40,43.58
27,0x4814be124d7fe3b240eb46061f7ddfab468fe122,1.0,0.24444444444444444,6.972772887662439e-07,3.806731600152883e-29,7.611253882378132e-29,2020-11-05 00:32:13+00:00,2021-03-28 15:08:54+00:00,0.06008403361344539,0.044336253511916786,45,47.15
28,0x4839e666e2baf12a51bf004392b35972eeddeabf,0.15306122448979592,0.06666666666666667,1.4174838546452276e-06,7.734152533834026e-29,9.099002980981028e-28,2020-12-28 21:11:47+00:00,2021-02-09 09:22:22+00:00,0.017647058823529415,0.20486162308563913,205,202.17
29,0x4c4d05fe859279c91b074429b5fc451182cec745,0.0,0.022222222222222223,0.0,0.0,2.198428765331386e-41,2020-12-17 22:26:11+00:00,2020-12-17 22:27:43+00:00,0.0,0.9999999999999999,1000,985.27
30,0x4d997c89bc659a3e8452038a8101161e7e7e53a7,0.8775510204081631,0.4444444444444445,7.3685423081913214e-06,4.02004102815052e-28,9.136937698877019e-28,2019-03-30 18:32:05+00:00,2021-08-05 13:28:41+00:00,0.36050420168067226,0.017090571605065122,18,18.62
31,0x4db0a72edb5ea6c55df929f76e7d5bb14e389860,0.010204081632653062,0.022222222222222223,2.3999120588596315e-21,6.146909104444963e-40,2.049865142741426e-38,2020-11-22 22:18:47+00:00,2020-11-22 22:30:03+00:00,0.0,0.9032463938715591,903,903.0
32,0x4e61251336c32e4fe6bfd5fab014846599321389,0.010204081632653062,0.022222222222222223,2.3999120588596315e-21,6.1328911879729266e-40,2.0451925039174137e-38,2020-12-14 17:05:17+00:00,2020-12-14 18:07:54+00:00,0.0,0.9032463938717469,903,903.0
33,0x4e6e724f4163b24ffc7ffe662b5f6815b18b4210,0.03061224489795918,0.04444444444444444,7.244836796735258e-08,3.9529672732282034e-30,1.5811869091679459e-28,2020-10-28 22:50:33+00:00,2021-05-04 10:00:08+00:00,0.07857142857142858,0.35907162243282637,359,384.18
34,0x507b6c0d950702f066a9a1bd5e85206f87b065ba,0.24489795918367344,0.17777777777777778,0.2404768198186468,1.3121027674536611e-23,1.0093097985505515e-22,2021-07-06 14:23:55+00:00,2022-04-01 19:07:28+00:00,0.11302521008403363,0.09122262401927231,92,93.66
35,0x54e19653be9d4143b08994906be0e27555e8834d,0.12244897959183673,0.022222222222222223,7.886239115119096e-18,4.292495988689252e-40,6.116846928408673e-39,2019-07-19 21:41:28+00:00,2019-07-19 22:27:39+00:00,0.0,0.6903885670678922,690,687.64
36,0x56ba823641bfc317afc8459bf27feed6eb9ff59f,0.010204081632653062,0.022222222222222223,2.3999120588596315e-21,6.150873433911312e-40,2.0511865858968756e-38,2020-11-19 10:53:24+00:00,2020-11-19 11:31:25+00:00,0.0,0.9032463938715061,903,903.0
37,0x56cc2bffcb3f86a30c492f9d1a671a1f744d1d2f,0.02040816326530612,0.04444444444444444,2.3999120588596315e-21,1.1770545519205616e-31,2.94263637980057e-30,2020-11-03 19:49:25+00:00,2022-09-10 11:30:02+00:00,0.28361344537815125,0.3948209780237616,395,398.73
38,0x578cea5f899b0dfbf05c7fbcfda1a644b2a47787,0.010204081632653062,0.022222222222222223,2.3999120588596315e-21,6.148393211062351e-40,2.050359844947222e-38,2020-11-21 15:01:26+00:00,2020-11-21 17:35:57+00:00,0.0,0.9032463938715392,903,903.0
39,0x58c2a9099a03750e9842d3e9a7780cdd6aa70b86,0.010204081632653062,0.022222222222222223,2.3999120588596315e-21,6.1597366351000956e-40,2.054140986293137e-38,2020-11-04 11:12:38+00:00,2020-11-04 11:36:32+00:00,0.0,0.9032463938713878,903,903.0
40,0x58d68d4bcf9725e40353379cec92b90332561683,0.2959183673469387,0.24444444444444444,1.0,5.456736594110545e-23,3.5203196789324723e-22,2020-12-10 20:19:59+00:00,2025-01-29 01:40:59+00:00,0.6344537815126051,0.06429716170231306,65,61.99
41,0x5e324b4a564512ea7c93088dba2f8c1bf046a3eb,0.010204081632653062,0.022222222222222223,2.3999120588596315e-21,6.150310138625057e-40,2.0509988208014568e-38,2020-11-19 23:02:30+00:00,2020-11-19 23:07:03+00:00,0.0,0.9032463938715135,903,903.0
42,0x612a3500559be7be7703de6dc397afb541a16f7f,0.7551020408163265,0.2888888888888889,3.0570942156614234e-05,1.6680834016826413e-27,4.389620765077343e-27,2020-11-30 09:35:24+00:00,2022-08-03 10:04:08+00:00,0.2567226890756303,0.035905066235556234,36,37.79
43,0x623af911f493747c216ad389c7805a37019c662d,0.38775510204081626,0.6666666666666666,9.890037594560542e-17,1.0762220143338236e-25,2.6905550358346933e-25,2018-03-03 09:51:23+00:00,2024-09-07 18:19:35+00:00,1.0,0.02079345595750824,21,19.81
44,0x6a2752a534faacaaa153bffbb973dd84e0e5497b,0.05102040816326531,0.04444444444444444,7.109003237431217e-10,3.878853026823666e-32,1.1082437219461253e-30,2020-12-20 09:15:20+00:00,2024-08-09 07:17:11+00:00,0.557563025210084,0.3071818691140251,307,308.72
45,0x6d69ca3711e504658977367e13c300ab198379f1,0.010204081632653062,0.022222222222222223,2.3999120588596315e-21,6.160172209825231e-40,2.0542861778681818e-38,2020-11-03 05:22:38+00:00,2020-11-03 12:59:51+00:00,0.0,0.9032463938713821,903,903.0
46,0x6e355417f7f56e7927d1cd971f0b5a1e6d538487,0.10204081632653061,0.06666666666666667,6.61805142121181e-11,3.610977224599613e-33,6.018295373052175e-32,2020-11-21 02:08:37+00:00,2020-11-26 16:01:14+00:00,0.002100840336134454,0.32265416613711584,323,319.7
47,0x70c1864282599a762c674dd9d567b37e13bce755,0.010204081632653062,0.022222222222222223,2.3999120588596315e-21,6.156488008163473e-40,2.0530581106475958e-38,2020-11-09 21:51:36+00:00,2020-11-09 21:53:47+00:00,0.0,0.9032463938714312,903,903.0
48,0x70d8e4ab175dfe0eab4e9a7f33e0a2d19f44001e,1.0,0.488888888888889,1.223696067249352e-06,6.339960149309528e-29,1.3016757213445436e-28,2020-03-16 16:51:52+00:00,2023-01-24 08:28:35+00:00,0.4382352941176471,0.012449358305779583,13,14.64
49,0x7399dbeebe2f88bc6ac4e3fd7ddb836a4bce322f,0.010204081632653062,0.022222222222222223,2.3999120588596315e-21,6.148166676116754e-40,2.0502843332986893e-38,2020-11-21 22:07:50+00:00,2020-11-21 22:17:11+00:00,0.0,0.9032463938715424,903,903.0
50,0x767055590c73b7d2aaa6219da13807c493f91a20,0.010204081632653062,0.022222222222222223,2.3999120588596315e-21,6.157469000212023e-40,2.0533851079971124e-38,2020-11-08 05:33:36+00:00,2020-11-08 05:35:38+00:00,0.0,0.9032463938714181,903,903.0
51,0x7851bdfb64bbecfb40c030d722a1f147dff5db6a,0.05102040816326531,0.04444444444444444,2.1039853369277974e-06,1.148000754210612e-28,3.2799838309306e-27,2020-06-23 18:32:00+00:00,2020-09-21 18:41:56+00:00,0.03781512605042017,0.3150128077614677,315,307.96
52,0x7b4636320daa0bc055368a4f9b9d01bd8ac51877,0.05102040816326531,0.06666666666666667,1.6934927445488373e-10,9.240127872144968e-33,2.6400364468292403e-31,2020-11-12 04:36:52+00:00,2021-02-18 03:11:25+00:00,0.040756302521008404,0.27571650116570084,276,284.66
53,0x7b57dbe2f2e4912a29754ff3e412ed9507fd8957,0.03061224489795918,0.022222222222222223,2.863847698641199e-20,5.189050452348774e-43,3.230365827811696e-41,2020-11-06 23:23:50+00:00,2020-11-08 13:37:41+00:00,0.0004201680672268908,0.6774881250281258,677,684.34
54,0x7be3dfb5b6fcbae542ea85e76cc19916a20f6c1e,0.010204081632653062,0.022222222222222223,0.0,1.7706069626692377e-42,6.360980110130181e-41,2020-11-08 01:11:40+00:00,2020-11-08 01:41:49+00:00,0.0,0.90324641179653,903,912.65
55,0x7de76a449cf60ea3e111ff18b28e516d89532152,0.010204081632653062,0.022222222222222223,2.3999120588596315e-21,6.1593823979257205e-40,2.054022907235012e-38,2020-11-05 05:12:59+00:00,2020-11-05 05:18:47+00:00,0.0,0.9032463938713926,903,903.0
56,0x7e3eab408b9c76a13305ef34606f17c16f7b33cc,0.08163265306122448,0.04444444444444444,1.0181812556464896e-06,5.682429307306923e-29,1.123788527419789e-27,2018-11-20 14:18:46+00:00,2020-05-08 15:45:56+00:00,0.22478991596638656,0.268459847846016,269,273.28
57,0x7f5e6a28afc9fb0aaf4259d4ff69991b88ebea47,0.010204081632653062,0.022222222222222223,2.3999120588596315e-21,6.1338598794557685e-40,2.0455154010783612e-38,2020-12-12 06:28:17+00:00,2020-12-12 19:47:53+00:00,0.0,0.9032463938717338,903,903.0
58,0x83ea74c67d393c6894c34c464657bda2183a2f1a,0.02040816326530612,0.04444444444444444,2.3999120588596315e-21,3.0893321289029924e-31,7.723330322256648e-30,2020-11-05 18:53:07+00:00,2020-11-11 17:54:00+00:00,0.002100840336134454,0.5042531512726034,504,478.3
59,0x8441fecef5cc6f697be2c4fc4a36feacede8df67,0.08163265306122448,0.08888888888888889,2.719243365447843e-19,1.432340253249572e-29,1.432340253250858e-28,2020-10-02 17:21:39+00:00,2024-10-10 03:41:59+00:00,0.6168067226890757,0.2030426322676513,203,205.0
60,0x854a873b8f9bfac36a5eb9c648e285a095a7478d,0.010204081632653062,0.022222222222222223,2.3999120588596315e-21,6.150926117136904e-40,2.0512041469720727e-38,2020-11-17 13:44:58+00:00,2020-11-19 10:27:47+00:00,0.0004201680672268908,0.7742416503326344,774,760.93
61,0x8587d9f794f06d976c2ec1cfd523983b856f5ca9,0.010204081632653062,0.022222222222222223,2.3999120588596315e-21,6.153933957913624e-40,2.0522067605643127e-38,2020-11-15 00:44:58+00:00,2020-11-15 00:57:18+00:00,0.0,0.9032463938714652,903,903.0
62,0x880a0af12da55df1197f41697c1a1b61670ed410,0.08163265306122448,0.06666666666666667,7.696925491872533e-11,4.199638365249922e-33,8.399276729567225e-32,2020-11-04 17:23:33+00:00,2020-11-04 18:01:53+00:00,0.0,0.6153312616184107,615,649.42
63,0x8aaece100580b749a20f8ce30338c4e0770b65ed,0.010204081632653062,0.022222222222222223,2.3999120588596315e-21,6.16861315866447e-40,2.0570998274812614e-38,2020-10-15 16:55:05+00:00,2020-10-15 17:12:00+00:00,0.0,0.9032463938712699,903,903.0
64,0x8be38ea2b22b706aef313c2de81f7d179024dd30,0.09183673469387754,0.08888888888888889,4.0333881824646663e-11,2.695039486954145e-33,4.4506897188102717e-32,2021-04-11 09:14:02+00:00,2023-11-21 08:56:59+00:00,0.4004201680672269,0.19453080533199082,195,203.0
65,0x8d900f213db5205c529aaba5d10e71a0ed2646db,0.09183673469387754,0.04444444444444444,6.753912562520873e-07,3.843746878754236e-29,6.844412181406098e-28,2020-12-24 15:53:31+00:00,2021-01-14 02:57:47+00:00,0.008403361344537815,0.29340578796913697,294,292.68
66,0x91919344c1dad09772d19ad8ad4f1bcd29c51f27,0.010204081632653062,0.022222222222222223,2.3999120588596315e-21,6.154609678912593e-40,2.0524320008973024e-38,2020-11-11 10:40:55+00:00,2020-11-13 20:25:02+00:00,0.0008403361344537816,0.7097392785631497,710,704.52
67,0x93f0891bf71d8abed78e0de0885bd26355bb8b1d,0.02040816326530612,0.04444444444444444,2.3999120588596315e-21,6.1711821951682855e-40,1.5427121330301589e-38,2020-10-20 18:50:16+00:00,2020-10-20 19:11:57+00:00,0.0,0.7806918875093084,780,758.05
68,0x96479b087cb8f236a5e2dcbfc50ce63b2f421da6,1.0,0.46666666666666673,0.0006200566274305636,4.5309059926186796e-26,7.91409270084612e-26,2021-05-19 06:13:11+00:00,2022-02-04 10:57:09+00:00,0.1096638655462185,0.016053960684023476,17,16.69
69,0x96bb4447a02b95f1d1e85374cffd565eb22ed2f8,0.0,0.022222222222222223,0.0,2.3252714254617468e-42,1.382478589264012e-40,2020-11-25 15:42:14+00:00,2020-11-28 16:19:14+00:00,0.0012605042016806723,0.7677914281159989,768,747.75
70,0x9a363adc5d382c04d36b09158286328f75672098,0.03061224489795918,0.06666666666666667,1.103159576389144e-09,6.455603691993825e-32,2.4949445992388315e-30,2019-07-28 04:52:57+00:00,2020-11-04 07:43:06+00:00,0.1953781512605042,0.31793225921251606,318,319.76
71,0x9ad1331c5b6c5a641acffb32719c66a80c6e1a17,0.010204081632653062,0.022222222222222223,0.0,1.7500968682005615e-42,6.292613128567926e-41,2020-10-17 11:03:23+00:00,2020-10-17 11:13:30+00:00,0.0,0.9032464119287276,903,912.65
72,0x9ba0d85f71e145ccf15225e59631e5a883d5d74a,0.21428571428571427,0.13333333333333333,2.540258289343077e-06,1.3860295495240892e-28,1.2052430865426598e-27,2017-09-02 00:21:47+00:00,2021-10-25 12:15:50+00:00,0.6361344537815127,0.1136029124772798,114,110.89
73,0x9e6ec4e98793970a1307262ba68d37594e58cd78,1.0,0.06666666666666667,0.0024407568879157905,1.3317383611899194e-25,2.663477414674353e-25,2020-07-09 02:19:44+00:00,2020-08-24 22:46:10+00:00,0.01932773109243698,0.15038876051797678,151,156.22
74,0xa7e94d933eb0c439dda357f61244a485246e97b8,0.0,0.0,1.7591154766792686e-18,9.493813266505088e-41,9.567981710081361e-39,2019-10-02 08:38:43+00:00,2019-10-08 22:50:23+00:00,0.0025210084033613443,0.8387440225478118,838,857.57
75,0xa7f3c74f0255796fd5d3ddcf88db769f7a6bf46a,1.0,0.6,3.4116412671417213e-06,1.0,1.0,2022-10-04 15:28:23+00:00,2024-03-17 02:44:35+00:00,0.22226890756302523,0.007605792641175134,8,7.51
76,0xa98dc64bb42575efec7d1e4560c029231ce5da51,0.04081632653061225,0.06666666666666667,2.3999120588596315e-21,6.98375035512481e-33,1.1639583924145743e-31,2019-07-30 22:45:56+00:00,2021-09-23 21:35:39+00:00,0.32983193277310924,0.2896144548117325,290,292.27
77,0xb271ff7090b39028eb6e711c3f89a3453d5861ee,0.05102040816326531,0.04444444444444444,2.3999120588596315e-21,6.182078450583363e-40,8.818121181506885e-39,2020-10-17 18:29:23+00:00,2020-10-21 06:10:22+00:00,0.0012605042016806723,0.4614051472504584,461,450.02
78,0xb475576594ae44e1f75f534f993cbb7673e4c8b6,0.02040816326530612,0.04444444444444444,2.3999120588596315e-21,1.1023883279586477e-30,2.755970819896536e-29,2020-11-04 20:23:10+00:00,2022-04-18 20:36:02+00:00,0.22268907563025211,0.3951325975273178,395,400.68
79,0xb57297c5d02def954794e593db93d0a302e43e5c,0.04081632653061225,0.06666666666666667,7.721821047969993e-12,4.213228185490011e-34,1.4044083654794316e-32,2020-11-17 08:52:34+00:00,2021-08-22 07:24:25+00:00,0.11638655462184874,0.29140523263189483,292,298.19
80,0xbd4a00764217c13a246f86db58d74541a0c3972a,1.0,1.0000000000000002,0.00016500675357836945,2.9441443387213216e-25,3.03417622142007e-25,2025-01-14 22:22:59+00:00,2025-07-22 06:26:59+00:00,0.07899159663865547,0.0,1,3.16
81,0xc179d55f7e00e789915760f7d260a1bf6285278b,0.061224489795918366,0.04444444444444444,2.400295627685157e-07,1.3096623626341683e-29,3.2741559039492025e-28,2020-12-13 13:13:58+00:00,2020-12-13 17:11:26+00:00,0.0,0.6774880925962303,677,668.5
82,0xc22b8e78394ce52e0034609a67ae3c959daa84bc,0.6428571428571428,0.46666666666666673,3.75267525491973e-05,2.047555091113064e-27,6.3001695111170916e-27,2021-01-08 20:52:03+00:00,2021-08-09 18:50:44+00:00,0.08907563025210084,0.022823925853848168,23,22.33
83,0xcbbd9fe837a14258286bbf2e182cbc4e4518c5a3,0.8571428571428571,0.31111111111111117,0.0008555838932142541,4.668289490979797e-26,1.08564800952923e-25,2020-07-22 12:10:14+00:00,2021-05-23 04:56:24+00:00,0.1277310924369748,0.03221360503191276,33,34.47
84,0xcecf5163bb057c1aff4963d9b9a7d2f0bf591710,0.02040816326530612,0.04444444444444444,2.3999120588596315e-21,6.158615834056115e-40,1.5395705427521162e-38,2020-11-22 05:26:20+00:00,2020-12-05 20:40:11+00:00,0.0054621848739495795,0.44527955430841065,445,457.08
85,0xcf0033bf27804640e5339e06443e208db5870dd2,0.010204081632653062,0.022222222222222223,2.3999120588596315e-21,6.156712220575798e-40,2.0531328481183709e-38,2020-11-09 00:27:09+00:00,2020-11-09 09:30:34+00:00,0.0,0.9032463938714282,903,903.0
86,0xd0df53e296c1e3115fccc3d7cdf4ba495e593b56,0.010204081632653062,0.022222222222222223,2.3999120588596315e-21,6.152411875847589e-40,2.0516993998756344e-38,2020-11-17 20:56:39+00:00,2020-11-17 21:21:17+00:00,0.0,0.9032463938714856,903,903.0
87,0xd1a3888fd8f490367c6104e10b4154427c02dd9c,0.010204081632653062,0.022222222222222223,2.3999120588596315e-21,6.161651295563043e-40,2.0547792064474526e-38,2020-11-01 06:53:57+00:00,2020-11-01 06:58:15+00:00,0.0,0.9032463938713625,903,903.0
88,0xd334d18fa6bada9a10f361bae42a019ce88a3c33,0.03061224489795918,0.04444444444444444,2.3999120588596315e-21,3.353649874615328e-43,0.0,2020-11-19 06:46:04+00:00,2020-11-19 08:23:33+00:00,0.0,0.7419905011139821,742,739.14
89,0xd9d3930ffa343f5a0eec7606d045d0843d3a02b4,0.02040816326530612,0.04444444444444444,1.779047449502331e-10,9.706935493472331e-33,4.853467746571606e-31,2020-12-11 08:17:48+00:00,2021-01-10 16:25:54+00:00,0.012605042016806723,0.41786604622425233,418,416.59
90,0xdde73df7bd4d704a89ad8421402701b3a460c6e9,0.10204081632653061,0.1111111111111111,5.8911228526509675e-15,3.8759811359659156e-29,3.229984306757602e-28,2018-09-15 11:14:21+00:00,2022-11-23 05:27:23+00:00,0.642436974789916,0.16835404440727864,169,162.95
91,0xde92d70253604fd8c5998c8ee3ed282a41b33b7f,0.010204081632653062,0.022222222222222223,2.3999120588596315e-21,6.149355271911302e-40,2.0506805318968723e-38,2020-11-20 20:45:12+00:00,2020-11-20 20:51:29+00:00,0.0,0.9032463938715264,903,903.0
92,0xded1f838ae6aa5fcd0f13481b37ee88e5bdccb3d,0.05102040816326531,0.04444444444444444,2.3999120588596315e-21,1.694513279133553e-30,2.420733255903733e-29,2020-12-14 06:43:35+00:00,2021-05-03 07:20:30+00:00,0.05882352941176471,0.31205035957854804,312,315.78
93,0xebb8629e8a3ec86cf90cb7600264415640834483,0.02040816326530612,0.022222222222222223,1.869852441552611e-15,1.020228626304359e-37,5.101165115809449e-36,2021-11-22 18:41:32+00:00,2022-01-21 14:23:03+00:00,0.024789915966386557,0.470869019748404,471,470.55
94,0xeded1c8c0a0c532195b8432153f3bfa81dba2a90,0.010204081632653062,0.04444444444444444,0.0,8.066832324262463e-32,2.6889441080920776e-30,2019-09-18 06:48:03+00:00,2021-07-18 17:46:12+00:00,0.2810924369747899,0.4528833360548204,453,447.83
95,0xf10fd8921019615a856c1e95c7cd3632de34edc4,0.4795918367346938,0.3777777777777778,3.5435326204880356e-06,1.954399971207286e-28,7.934370449315073e-28,2020-05-03 16:38:42+00:00,2024-02-17 14:17:11+00:00,0.5815126050420169,0.032479659127584846,33,35.08
96,0xf340b9f2098f80b86fbc5ede586c319473aa11f3,1.0,0.6444444444444445,0.00040642763061716195,1.0603232435786981e-27,2.3236048764943845e-26,2023-09-23 15:45:11+00:00,2025-06-08 01:57:35+00:00,0.26176470588235295,0.005664580906727258,6,7.45
97,0xf54f36bca969800fd7d63a68029561309938c09b,0.010204081632653062,0.022222222222222223,2.3999120588596315e-21,6.133106976237132e-40,2.0452644333388154e-38,2020-12-14 07:40:11+00:00,2020-12-14 07:49:21+00:00,0.0,0.9032463938717439,903,903.0
98,0xf60304b534f74977e159b2e159e135475c245526,0.2755102040816326,0.04444444444444444,8.108281161593327e-06,4.424084485016718e-28,3.0510927482873685e-27,2020-02-06 07:11:13+00:00,2020-03-21 15:53:16+00:00,0.018487394957983197,0.21699724718139063,217,207.35
99,0xf67e8e5805835465f7eba988259db882ab726800,0.010204081632653062,0.022222222222222223,2.3999120588596315e-21,6.131221497372459e-40,2.0446359403839245e-38,2020-12-10 21:15:48+00:00,2020-12-17 23:22:54+00:00,0.0029411764705882353,0.6022353256144035,602,635.47
100,0xf7aa5d0752cfcd41b0a5945867d619a80c405e52,0.010204081632653062,0.022222222222222223,2.3999120588596315e-21,6.161926732470234e-40,2.0548710187498493e-38,2020-10-31 19:38:53+00:00,2020-10-31 19:42:17+00:00,0.0,0.9032463938713589,903,903.0
101,0xf80a8b9cfff0febf49914c269fb8aead4a22f847,0.05102040816326531,0.04444444444444444,3.199821367681233e-07,1.7459374341547689e-29,4.988344827432266e-28,2020-07-30 02:44:20+00:00,2021-02-28 20:15:06+00:00,0.08949579831932773,0.31019958729980496,310,309.33
102,0xfe5a05c0f8b24fca15a7306f6a4ebb7dcf2186ac,0.010204081632653062,0.022222222222222223,2.3999120588596315e-21,6.166897837989161e-40,2.0565280539228253e-38,2020-10-21 11:57:13+00:00,2020-10-21 18:51:46+00:00,0.0,0.9032463938712927,903,903.0
